2011-08-14,10.4,10.0,10.54875989504298,17.353006999999995
2011-08-15,11.0,11.9,10.602878283301871,27.994951
2011-08-16,11.2,11.0,11.154615631383933,8.38531
2011-08-17,10.98,10.0,10.590188299047986,39.4532
2011-08-18,10.3,10.5,10.54918039971949,13.689600000000002
2011-08-19,10.49,11.29,10.948089282498012,45.52740000000001
2011-08-20,10.72,11.0,10.957651884079475,24.271799999999995
2011-08-21,11.28,11.01,11.545219942256587,67.85190000000001
2011-08-22,11.1,11.2,11.00623391699378,56.68250000000001
2011-08-23,10.9,10.75,10.800758019234214,20.0892
2011-08-24,10.61,10.7,10.795403504075196,33.618
2011-08-25,10.7,10.0,10.153702429247561,33.1296
2011-08-26,9.51,8.0,9.671103065732222,54.1926
2011-08-27,8.0,8.8,8.588888888888889,11.25
2011-08-28,8.5,8.8,8.538216560509554,1.57
2011-08-29,8.61,8.7,8.767851391515807,37.01
2011-08-30,8.7,8.8,8.695186799249834,37.058499999999995
2011-08-31,8.5,8.55,8.671288700141558,30.022500000000008
2011-09-01,8.5,8.125,8.192137217324646,11.7405
2011-09-02,8.125,8.42,8.209556500865077,20.2873
2011-09-03,8.42,8.75,8.631101429536411,27.2396
2011-09-04,8.75,8.215,8.400411622380938,43.85160000000001
2011-09-05,8.216,7.6,7.961537882811936,54.0311
2011-09-06,7.6,6.8,7.12827301868849,65.5109
2011-09-07,6.6,7.1,6.915631866488653,37.44999999999999
2011-09-08,7.0,6.5,6.701633623565234,58.459
2011-09-09,6.4,5.67,5.554109460509852,101.2493
2011-09-10,4.52,5.0,5.100384293117704,162.55040000000002
2011-09-11,4.8,5.5,5.153604271469968,1261.9871000000005
2011-09-12,6.2,5.821,6.086065842568439,403.7221000000002
2011-09-13,5.701,5.3,5.398963485994532,742.3672
2011-09-14,5.3,5.4,5.179977692171977,3125.3334000000013
2011-09-15,5.4,5.0,4.635252792052416,1058.0926000000002
2011-09-16,4.7,4.999,4.528796060254279,1432.3563999999985
2011-09-17,4.6,4.5,4.502204661806622,2735.681900000001
2011-09-18,4.5,4.78,4.514609661686521,3104.5614999999993
2011-09-19,4.8,5.9,4.692025275012352,3092.952
2011-09-20,5.3,5.777,5.862677274348962,3416.1908
2011-09-21,5.5,5.2,5.3890422724074165,3687.1522
2011-09-22,5.19,5.32,5.043567632581136,3588.5647999999987
2011-09-23,5.32,5.33,5.388276613932081,365.34529999999995
2011-09-24,5.33,5.2,5.110099705907365,4040.7675999999997
2011-09-25,5.2,4.9,5.0143200516260125,2766.047499999999
2011-09-26,5.1,4.5,4.689897697166287,2383.4373999999993
2011-09-27,4.5,4.57,4.572021108706043,7390.680399999995
2011-09-28,4.57,4.49,4.536352534557342,4162.284999999997
2011-09-29,4.5,4.466,4.508967733188957,3066.2869000000005
2011-09-30,4.5,5.0,4.6463042834282655,1794.8216999999997
2011-10-01,5.05,5.0,5.005933153007806,525.4941
2011-10-02,5.0,4.905,4.964528138662909,433.6329
2011-10-03,4.949,4.849,4.757953831128952,2332.231599999999
2011-10-04,4.703,4.7,4.687557191460242,3726.0116999999996
2011-10-05,4.62,4.7,4.643589219276592,3127.4469000000004
2011-10-06,4.7,4.49,4.528229748866719,2783.2751
2011-10-07,4.67,4.1,4.423814060696035,1166.9592999999995
2011-10-08,4.44,3.901,4.115213812706223,505.27680000000004
2011-10-09,3.95,4.1,4.037402696702533,325.4864000000001
2011-10-10,4.0,4.17,4.124129078599005,548.3899
2011-10-11,4.1,3.92,4.03904923675121,682.417852
2011-10-12,3.93,3.969,3.8900178621712556,620.0569820000001
2011-10-13,3.85,3.903,4.049445849011265,893.1027969999999
2011-10-14,4.0,3.835,3.8298298962660815,934.8208610000001
2011-10-15,3.836,3.99,3.9462755616487266,1159.9035949999989
2011-10-16,3.842,3.5,3.6605434056515036,1294.7204119999997
2011-10-17,3.5,2.4,2.7437412137428887,1091.2200869999997
2011-10-18,2.22,2.599,2.5414126956106236,543.0195084
2011-10-19,2.59,2.34,2.414792770838903,669.8807916999989
2011-10-20,2.347,2.12,2.1595017938930594,457.2600332000001
2011-10-21,2.28,2.5,2.4887025132275244,830.8145761999997
2011-10-22,2.5,3.3,2.812005077893554,1191.9258910000003
2011-10-23,3.3,3.326,3.131134489751903,692.5698983000005
2011-10-24,3.121,2.8,2.9658271025174834,439.07486039999975
2011-10-25,2.8,2.88,2.6724401973993865,1004.6509564000005
2011-10-26,2.85,2.705,2.7262816682597033,719.3934546000004
2011-10-27,2.705,2.85,2.799847838698318,701.9948523200006
2011-10-28,2.89,3.14,2.994300972413069,945.1263463699993
2011-10-29,3.14,3.65,3.466879646283128,886.6493111600004
2011-10-30,3.54,3.2,3.4303775833230388,1040.2888402000003
2011-10-31,3.2,3.13,3.1603641490844545,375.04799367
2011-11-01,3.132,3.104,3.1593352915769466,873.8390100600003
2011-11-02,3.185,3.177,3.231036819108763,423.31792710000036
2011-11-03,3.22,3.181,3.244174594577988,368.33524999
2011-11-04,3.25,3.126,3.1617774323947523,936.2709094399999
2011-11-05,3.13,2.98,3.079124503803972,540.1612640300002
2011-11-06,2.98,2.88,2.957578287716112,102.39612800000005
2011-11-07,2.887,2.95,2.934885211755779,499.86407920000016
2011-11-08,3.025,2.97,3.0375940296903066,1645.5668028199993
2011-11-09,2.97,2.832,2.9319964288628313,641.6075529900003
2011-11-10,2.924,2.724,2.796214513457497,690.1267642000001
2011-11-11,2.82,2.895,2.8338855109487104,269.7504909999998
2011-11-12,2.894,2.999,2.9546179757344095,718.2711348600003
2011-11-13,2.86,2.886,2.9154035351288794,79.93910539999999
2011-11-14,2.97,2.15,2.6888174127678326,1928.7051365999998
2011-11-15,2.2,2.3,2.3615634980947187,1177.0183630000006
2011-11-16,2.3,2.402,2.3630297098875643,702.9769730500005
2011-11-17,2.45,2.15,2.162913174120322,2614.5513751500002
2011-11-18,2.2,2.193,2.208065574337953,1879.5895994
2011-11-19,2.1,2.02,2.1125673959083673,1317.149578480001
2011-11-20,2.01,2.1,2.1536746892155674,1138.7204896300002
2011-11-21,2.046,2.199,2.1407419909890413,1822.5997050800008
2011-11-22,2.199,2.289,2.2438789549042895,686.3636829100001
2011-11-23,2.287,2.23,2.2729359169856953,974.1018116600004
2011-11-24,2.3,2.28,2.2910875418237184,1767.1884006099995
2011-11-25,2.291,2.372,2.372175881327317,709.42878794
2011-11-26,2.4,2.39,2.386362871191685,421.8517036000001
2011-11-27,2.38,2.435,2.407338262492163,222.62158130000006
2011-11-28,2.435,2.549,2.4966844521052396,1077.7310132199996
2011-11-29,2.5,2.8,2.7008163621917562,902.58534011
2011-11-30,2.74,2.75,2.804856347803045,551.8261993300003
2011-12-01,2.737,2.99,2.939559123676768,1575.2762918000005
2011-12-02,2.99,3.0,2.9864908567152577,983.3693965999996
2011-12-03,2.999,2.932,3.003443921825953,629.1992008700006
2011-12-04,2.931,2.737,2.7766268297702377,880.9725127600001
2011-12-05,2.737,2.875,2.8118262992694487,446.10517713000013
2011-12-06,2.75,2.793,2.9050967921303466,1238.6812664799995
2011-12-07,2.8,2.75,2.7966853024875125,1012.5800115799998
2011-12-08,2.75,2.801,2.7949295136144756,1264.0075999999997
2011-12-09,2.802,2.86,2.861546856709817,865.794881
2011-12-10,2.86,2.83,2.8504401110473916,509.82304199999993
2011-12-11,2.836,3.199,2.960976249103036,2222.78634546
2011-12-12,3.055,2.99,3.0547977320260244,802.2154659999999
2011-12-13,3.0,3.049,3.0395292689105946,882.1704982900005
2011-12-14,2.965,3.15,3.075552857735046,1196.8640803199994
2011-12-15,3.15,3.042,3.0995355247121577,528.5385888900003
2011-12-16,3.041,3.157,3.0962666704685264,1069.5214262600002
2011-12-17,3.158,3.18,3.1964567597132096,475.86534428000016
2011-12-18,3.146,3.171,3.1704200549372277,475.4724830000001
2011-12-19,3.171,3.341,3.262573424651436,1435.1852523100001
2011-12-20,3.342,3.89,3.956822371865974,987.9528252800001
2011-12-21,4.0,3.78,3.842438422621142,602.0640347000003
2011-12-22,3.77,3.85,3.7759698196409333,608.13464742
2011-12-23,3.671,3.94,3.9375636476521287,445.60763023000015
2011-12-24,3.89,3.806,3.847374003432655,261.52033502999996
2011-12-25,3.82,4.23,3.8830792366036926,677.8806966300003
2011-12-26,4.23,3.898,4.0255785091779765,393.3031949400001
2011-12-27,3.898,3.785,3.867538078186414,1291.1144969999998
2011-12-28,3.979,4.15,4.01967147614403,819.7843281000003
2011-12-29,4.1,4.073,4.150768508483488,455.9188774999999
2011-12-30,4.083,4.17,4.10255835509538,727.2089850699997
2011-12-31,4.169,4.65,4.34259349260303,1386.2890752399996
2012-01-01,4.65,5.259,4.9412973875283175,856.0204032300009
2012-01-02,5.2,5.065,5.164162333948835,742.6689724800002
2012-01-03,5.08,4.989,4.875515405309287,869.8831824600003
2012-01-04,4.979,5.315,5.112159528368267,923.0363571099996
2012-01-05,5.336,6.107,6.064826710158272,1426.1855183300004
2012-01-06,6.107,6.399,6.4066116476187815,3261.309801129994
2012-01-07,6.5,6.41,6.434567420896234,1054.1877115000004
2012-01-08,6.38,6.64,6.54631592496501,2023.0905407499984
2012-01-09,6.72,6.4,6.624109081632781,973.6354310600005
2012-01-10,6.226,6.359,6.341774661128989,674.35572606
2012-01-11,6.359,6.541,6.483888750078545,1098.6834526000002
2012-01-12,6.421,6.406,6.498159549731612,713.9695808999998
2012-01-13,6.401,6.589,6.451457132130545,1086.41228915
2012-01-14,6.431,6.686,6.451702832450059,940.2431775600002
2012-01-15,6.686,6.626,6.686660085917432,371.74841247000006
2012-01-16,6.65,6.576,6.746227758288385,906.8137010600002
2012-01-17,6.6,6.536,6.453857288743223,852.2652883000001
2012-01-18,6.437,5.81,6.096282997372641,855.6050522000005
2012-01-19,5.81,5.82,5.999489809803011,341.61960300000004
2012-01-20,6.049,6.14,6.108562433534696,528.1230099800001
2012-01-21,6.14,5.836,5.9996678901412865,279.0344218
2012-01-22,5.843,6.0,5.898379885885521,273.1308913699999
2012-01-23,5.854,5.9,5.927475469658448,683.6881546999998
2012-01-24,5.84,5.896,5.92301701410518,439.64474900000016
2012-01-25,5.896,5.849,5.909319157258301,795.7767041
2012-01-26,5.82,5.5,5.555593939409584,502.5000280399999
2012-01-27,5.5,4.901,5.113535047328388,1074.0119357300002
2012-01-28,4.901,5.22,5.134813273809122,1199.1242172399998
2012-01-29,5.26,5.101,5.5112529800799495,672.4424089100004
2012-01-30,5.102,5.289,5.285785849558336,322.2837581999999
2012-01-31,5.289,5.37,5.299801612901379,755.99720215
2012-02-01,5.374,5.35,5.321749939347251,922.9297672099997
2012-02-02,5.35,5.98,5.656900254526011,1063.5349198100002
2012-02-03,5.902,5.9,5.803299690069615,1082.62870692
2012-02-04,5.814,5.915,5.816418193986372,369.1326234
2012-02-05,5.914,5.41,5.668414245436206,815.0060124299999
2012-02-06,5.41,5.397,5.365626358059795,709.5191259200002
2012-02-07,5.3,5.31,5.297977882226478,600.4360515000001
2012-02-08,5.31,5.5,5.365072613138132,1317.3867193199999
2012-02-09,5.49,5.6,5.534335399263589,963.9988217000003
2012-02-10,5.503,5.63,5.6219649066106765,1018.43550109
2012-02-11,5.636,5.621,5.68196514887086,643.3268666199998
2012-02-12,5.621,5.399,5.530897186206427,1669.8093794
2012-02-13,5.365,5.348,5.359726023610837,806.0104233000003
2012-02-14,5.347,4.56,4.57125704707355,1607.3242991599996
2012-02-15,4.56,4.451,4.605430436366041,974.2655627299998
2012-02-16,4.561,4.161,4.177070381444626,832.23172317
2012-02-17,4.16,4.306,4.284069165750273,851.6928504000002
2012-02-18,4.37,4.153,4.216286922277913,472.48211950000007
2012-02-19,4.15,4.14,4.062399271495384,909.7100724699999
2012-02-20,4.14,4.1,4.139556533204915,544.9707985100001
2012-02-21,4.24,4.181,4.345711389377763,1969.0605222400013
2012-02-22,4.259,4.21,4.2150287148821,1408.9527046000005
2012-02-23,4.18,4.516,4.326211463184436,1249.6137978000004
2012-02-24,4.516,4.51,4.532698888141617,1729.9721099999995
2012-02-25,4.51,4.535,4.563499837721631,361.1157226000001
2012-02-26,4.532,4.7,4.568014227263322,1240.10359207
2012-02-27,4.7,4.559,4.573500061082419,1543.8304564300001
2012-02-28,4.5,4.468,4.528796528251413,865.76761405
2012-02-29,4.537,4.3,4.345768382741768,1899.9215894699996
2012-03-01,4.3,4.499,4.406211316469184,2219.5977010499996
2012-03-02,4.425,4.25,4.305028745136143,648.9216682999999
2012-03-03,4.301,4.255,4.321258679072898,871.0217226999997
2012-03-04,4.27,4.39,4.278022176695102,733.1076521400003
2012-03-05,4.301,4.44,4.356110574085215,1773.0166269999995
2012-03-06,4.43,4.8,4.5351357326509,1926.5043345000006
2012-03-07,4.7,4.59,4.65501269494105,1723.0375296999991
2012-03-08,4.53,4.63,4.612573325924383,651.2662526400006
2012-03-09,4.626,4.54,4.542703164696487,1256.827192
2012-03-10,4.54,4.484,4.409904249940948,1736.6906470000001
2012-03-11,4.483,4.403,4.458580742429817,1620.1284338499993
2012-03-12,4.402,4.499,4.497104561277293,2080.4431177300016
2012-03-13,4.494,4.79,4.613931429985812,3417.4111055000003
2012-03-14,4.8,5.0,4.8534474727639925,2886.382812789999
2012-03-15,5.0,4.76,4.8827324607295965,2113.791753799999
2012-03-16,4.752,4.929,4.844831150156407,2098.32312691
2012-03-17,4.919,4.97,4.92547811434098,916.7829848000001
2012-03-18,4.921,4.852,4.921652766702763,3089.9660081299985
2012-03-19,4.919,4.737,4.763777271158376,2234.3962545
2012-03-20,4.655,4.6,4.6155081134920355,1405.2822690000003
2012-03-21,4.521,4.634,4.612397666976425,2209.8111543
2012-03-22,4.634,4.483,4.551957164745276,3155.1835402400015
2012-03-23,4.484,4.519,4.478154435249603,2863.6320720099993
2012-03-24,4.519,4.578,4.495298029071736,1110.662830219999
2012-03-25,4.537,4.359,4.384489302367804,1818.5512639
2012-03-26,4.388,4.391,4.403064930058939,1977.8124175000005
2012-03-27,4.391,4.36,4.382934185947261,2917.26787802
2012-03-28,4.36,4.545,4.469804487883907,1961.2303378499998
2012-03-29,4.545,4.48,4.439709503900385,3317.249042129999
2012-03-30,4.415,4.55,4.551337691259971,6736.2253704
2012-03-31,4.464,4.533,4.574047808851023,2571.1215552500007
2012-04-01,4.575,4.502,4.577164530740547,1847.2707831000018
2012-04-02,4.501,4.66,4.552388822502458,4813.190741119997
2012-04-03,4.681,4.75,4.738546206329512,2954.6482592400002
2012-04-04,4.709,4.793,4.788935803630292,4197.656196429999
2012-04-05,4.793,4.785,4.770247953001854,5552.422058889999
2012-04-06,4.785,4.847,4.794422892005147,4255.081086550001
2012-04-07,4.8,4.668,4.766790873009366,2274.1419802300006
2012-04-08,4.651,4.53,4.526623286416243,3636.6862646800014
2012-04-09,4.5,4.573,4.490259416080501,3211.86582182
2012-04-10,4.587,4.66,4.6197439551205495,9255.267162899996
2012-04-11,4.66,4.77,4.719690811091633,3225.282810259999
2012-04-12,4.724,4.707,4.732273828661469,9904.180303950003
2012-04-13,4.707,4.73,4.712585839949871,7285.295980950001
2012-04-14,4.749,4.848,4.821330670207394,5999.0490984299995
2012-04-15,4.846,4.829,4.822644519737218,1138.1938863
2012-04-16,4.833,4.8,4.801752243227534,10035.785942099992
2012-04-17,4.79,4.874,4.848861059634757,2908.52682786
2012-04-18,4.872,5.099,4.985852331828925,7020.548462009999
2012-04-19,5.023,5.003,5.017597480018038,7313.610965569998
2012-04-20,5.003,5.15,5.0200426080487075,8427.921574550008
2012-04-21,5.19,5.142,5.200969707370307,2733.898849999999
2012-04-22,5.15,5.12,5.151788497870254,2279.2075094599995
2012-04-23,5.12,5.078,5.056531494274825,3679.467093860002
2012-04-24,5.078,5.036,4.944665456592086,9365.984573980006
2012-04-25,5.02,5.046,5.003937224233032,2283.03905736
2012-04-26,5.05,4.968,4.9577995695121455,6502.061115730002
2012-04-27,4.961,4.998,4.9734094857639795,2146.1859461299996
2012-04-28,4.96,4.87,4.933885437077974,3957.580884789999
2012-04-29,4.865,4.828,4.879999458705441,886.8184469999999
2012-04-30,4.828,4.855,4.842455796941081,2806.1898036099997
2012-05-01,4.919,4.852,4.867239772940061,1010.4032629700005
2012-05-02,4.855,4.95,4.973485711639874,7183.143914500001
2012-05-03,4.949,4.946,4.9695981442387485,4865.9376325
2012-05-04,4.984,4.982,4.994734093657004,3201.3303763799986
2012-05-05,5.0,4.907,4.940940518162701,6039.326380239999
2012-05-06,4.92,4.94,4.975069116773741,3441.299804999999
2012-05-07,4.963,4.97,4.941844143456958,3325.9741289999993
2012-05-08,4.965,4.921,4.925689651501624,3649.6817929999997
2012-05-09,4.911,4.906,4.921922963608649,4485.776733999996
2012-05-10,4.906,4.871,4.903023140544934,7285.080124000002
2012-05-11,4.871,4.8,4.827006409212645,7154.642149929998
2012-05-12,4.8,4.84,4.904686171644433,5461.067594999996
2012-05-13,4.84,4.845,4.890568506313638,1845.5190519999996
2012-05-14,4.845,4.88,4.855106917600306,4132.631670780001
2012-05-15,4.88,4.87,4.8796939532168135,4681.0419409999995
2012-05-16,4.87,4.975,4.90280590244488,11285.259609000006
2012-05-17,4.975,4.998,4.977017226943319,2930.940630199999
2012-05-18,4.975,4.989,4.98187494321787,3431.6684141
2012-05-19,4.99,4.962,4.983839269562506,3953.4995063199985
2012-05-20,4.98,4.983,4.991958792241117,2368.139307599999
2012-05-21,4.983,4.953,4.969889554209885,10638.779982600005
2012-05-22,4.96,4.99,4.97001958690318,3051.230317179999
2012-05-23,4.97,4.99,4.993150630982538,5100.766150999998
2012-05-24,4.98,5.024,4.992842731642891,3190.536054529999
2012-05-25,5.024,5.0,5.003001120837963,4812.713492600001
2012-05-26,4.998,5.0,5.000473985274131,5821.184856500003
2012-05-27,5.0,4.993,4.982486824510407,7103.971303999998
2012-05-28,5.026,5.003,5.019771639586513,4778.406310999998
2012-05-29,5.047,5.01,5.0139615396147486,4096.117524
2012-05-30,5.01,5.033,5.027162505980083,3144.005415649999
2012-05-31,5.045,5.074,5.052590294292898,4451.2544990000015
2012-06-01,5.038,5.15,5.125556420801557,4807.898041310002
2012-06-02,5.137,5.13,5.128068341278914,5033.953424000003
2012-06-03,5.129,5.1,5.1052367573023645,3987.325575999996
2012-06-04,5.099,5.162,5.11352839870268,1481.116548999999
2012-06-05,5.125,5.283,5.237860813528469,5416.446700169997
2012-06-06,5.283,5.369,5.322916999521671,4640.32887466
2012-06-07,5.33,5.403,5.377468240319749,4132.26871401
2012-06-08,5.4,5.561,5.549286449972842,6822.274549389997
2012-06-09,5.562,5.459,5.551069608049717,6857.435338799999
2012-06-10,5.46,5.3,5.345579445881258,7347.89847509
2012-06-11,5.299,5.481,5.3543650109528516,4784.747138000002
2012-06-12,5.4,5.6,5.493161954182385,4979.771169900001
2012-06-13,5.6,5.75,5.699072934711206,5496.042572660002
2012-06-14,5.849,5.81,5.742984972351228,7408.696252779997
2012-06-15,5.811,6.001,5.906092407614945,3929.3582024599973
2012-06-16,6.005,6.347,6.339215346309264,12288.153823089995
2012-06-17,6.348,6.15,6.187025690099089,4515.261055780002
2012-06-18,6.139,6.17,6.1344233148319764,2987.946805120002
2012-06-19,6.157,6.215,6.345401253886618,2857.2624237
2012-06-20,6.223,6.453,6.505653184790721,5263.091342950007
2012-06-21,6.584,6.578,6.536464828812773,2387.239610099999
2012-06-22,6.486,6.5,6.525797057337779,3195.5955829999994
2012-06-23,6.5,6.3,6.410989148658458,3969.925895109999
2012-06-24,6.24,6.09,6.210643296321777,4540.255585050001
2012-06-25,6.06,6.281,6.140862742485146,8866.38869376001
2012-06-26,6.25,6.249,6.263271362449133,5587.449060160005
2012-06-27,6.197,6.445,6.363020945379743,4924.498631699999
2012-06-28,6.5,6.45,6.488452758918824,2489.6924127499988
2012-06-29,6.52,6.555,6.491940275169448,2462.6737360999996
2012-06-30,6.555,6.627,6.594336238479562,7965.409483699997
2012-07-01,6.601,6.6,6.601679898773981,3947.0895372999994
2012-07-02,6.6,6.642,6.585358966181681,10061.068065850004
2012-07-03,6.64,6.4,6.49481807160181,3481.4564146999996
2012-07-04,6.4,6.353,6.376689396724081,3321.5165946900006
2012-07-05,6.353,6.59,6.4813483456071,3841.3513904999973
2012-07-06,6.511,6.543,6.485024403156775,2827.325939249999
2012-07-07,6.542,6.67,6.570055583419142,2273.9256302999997
2012-07-08,6.67,6.643,6.632582600587565,2889.3958593999996
2012-07-09,6.646,6.6,6.655732894657046,8465.332325690004
2012-07-10,6.6,7.088,6.8354311638818706,7421.091956569998
2012-07-11,7.0,6.993,6.983611017764677,1936.2197235500005
2012-07-12,6.989,7.123,7.014269315129593,2475.783401309999
2012-07-13,7.061,7.38,7.345953638371961,4127.199161629997
2012-07-14,7.422,7.49,7.45707002985401,900.8917109999999
2012-07-15,7.49,7.381,7.4098728674131085,1275.2393911000001
2012-07-16,7.381,7.801,7.698880468399109,3985.461329619996
2012-07-17,7.801,8.345,8.145334143815743,5909.902858849995
2012-07-18,8.345,8.9,8.777637406457117,7405.4020544
2012-07-19,8.9,8.989,8.900039679574311,2700.410522150001
2012-07-20,9.0,8.239,8.304588897350966,4069.5065611700024
2012-07-21,8.3,8.506,8.454972150621002,2622.8800116599996
2012-07-22,8.6,8.25,8.484740189806692,1006.9417201100003
2012-07-23,8.25,8.49,8.373049713936286,6474.05610814
2012-07-24,8.467,8.5,8.38118609473957,4052.1786784199962
2012-07-25,8.5,8.415,8.413151322134063,2551.551237999998
2012-07-26,8.414,8.649,8.531046881730022,2615.817476029999
2012-07-27,8.649,8.638,8.666564505063732,1832.13427776
2012-07-28,8.638,8.715,8.666175888593317,1187.3135065999998
2012-07-29,8.716,8.586,8.60812213949562,1072.1468843
2012-07-30,8.586,8.915,8.709729529880184,3977.796178099997
2012-07-31,8.917,9.025,9.124939413733962,1107.3408524200006
2012-08-01,9.026,9.295,9.150793003324983,6163.547638900002
2012-08-02,9.289,9.628,9.339624048843774,4210.3323186299995
2012-08-03,9.601,10.7,10.342402426473017,4998.624593430001
2012-08-04,10.7,10.7,10.801718751350972,3675.3611168500006
2012-08-05,10.655,10.116,10.26391882034465,5154.914377660002
2012-08-06,10.2,10.699,10.527556852009305,5260.8611716999985
2012-08-07,10.599,10.631,10.55508507500395,6502.449062500001
2012-08-08,10.65,10.89,10.744637312090028,2321.662402779999
2012-08-09,10.9,11.157,11.21760427888514,5117.981338569996
2012-08-10,11.25,11.18,11.073675295030187,7984.789657799999
2012-08-11,11.09,11.314,11.239579751965682,1376.1787124899993
2012-08-12,11.261,11.42,11.385644726676732,1832.3473897199995
2012-08-13,11.425,11.45,11.451635616373485,6198.097420560005
2012-08-14,11.45,11.824,11.774400076825216,2547.4803701999986
2012-08-15,11.825,12.77,12.235912619171637,4253.930830630002
2012-08-16,12.777,13.19,13.082380301371385,6731.787922260093
2012-08-17,13.1,11.8,14.091897349382895,8349.106378550005
2012-08-18,11.8,11.9,12.11017097247302,3434.2640476099905
2012-08-19,11.81,8.012,9.805473205978588,5084.812644329997
2012-08-20,8.01,9.439,9.078292229601876,7552.400300880001
2012-08-21,9.201,9.925,9.720545437350406,4399.453058840007
2012-08-22,10.1,9.955,9.916587628942848,2864.088413759999
2012-08-23,9.955,9.9,9.910064311741863,1703.3632432
2012-08-24,9.996,10.022,9.96275263232926,2308.2831796999985
2012-08-25,10.051,10.43,10.314801116492198,1834.0546851100007
2012-08-26,10.43,10.562,10.556556473188557,889.8295879699994
2012-08-27,10.562,10.787,11.311424259380624,5746.889084309989
2012-08-28,10.787,10.89,10.72050499685095,5331.650905710005
2012-08-29,10.89,10.754,10.81236126431691,1370.1104087000022
2012-08-30,10.802,10.679,10.618490893922424,1196.9856956000003
2012-08-31,10.575,9.75,10.372417534046892,2158.658648619998
2012-09-01,9.78,9.95,9.883605993211237,1450.6472994599992
2012-09-02,9.951,10.197,10.043750238081834,1252.2404215199995
2012-09-03,10.18,10.231,10.171660257773226,1419.2958129600001
2012-09-04,10.273,10.291,10.179684391343747,1469.39689561
2012-09-05,10.205,10.201,10.293159642834153,2492.514075650001
2012-09-06,10.305,10.951,10.778636647126913,3451.6059520200015
2012-09-07,10.95,11.106,11.070909369563502,3231.402335020001
2012-09-08,11.102,11.0,10.901721342548077,2795.5696844699996
2012-09-09,11.087,10.898,10.947879107616927,1410.9893247999983
2012-09-10,10.848,10.952,10.965359869437702,2340.832036960002
2012-09-11,10.998,10.865,10.95376690363372,4139.917039649999
2012-09-12,10.86,11.078,10.996373226164847,4007.436292659982
2012-09-13,11.122,11.194,11.21114222244599,1479.3439122699979
2012-09-14,11.2,11.6,11.386385639598416,2996.264519159972
2012-09-15,11.56,11.385,11.50685922945378,1274.7871010900021
2012-09-16,11.385,11.629,11.606203534027896,1737.208524930003
2012-09-17,11.649,11.659,11.64768282515208,5120.778950000001
2012-09-18,11.719,11.799,11.73307804088585,2939.9973148999784
2012-09-19,11.8,12.251,12.107834789623123,4297.540261999996
2012-09-20,12.332,12.43,12.40750455161908,2745.407889670001
2012-09-21,12.429,12.268,12.258435396191201,2490.7354165399997
2012-09-22,12.126,11.999,12.052138920008396,1019.5169729300001
2012-09-23,11.982,11.881,11.80457452646281,1739.1192687099979
2012-09-24,11.881,11.81,11.839191035627952,5857.458937399999
2012-09-25,11.81,11.854,11.82571379830885,2504.0122556299975
2012-09-26,11.909,12.039,11.92386815139693,1852.6007212899988
2012-09-27,12.03,12.03,12.049802334994796,2143.5818771100003
2012-09-28,12.023,12.081,12.124832604645025,3593.6890175999984
2012-09-29,12.071,12.17,12.15368572537131,2976.6484875499987
2012-09-30,12.17,12.1,12.127960158406927,940.9289990999999
2012-10-01,12.1,12.03,12.021692603493149,6098.932203950002
2012-10-02,12.025,12.298,12.167858559004609,8860.131554080008
2012-10-03,12.32,12.38,12.358779075406662,8042.688961299995
2012-10-04,12.38,12.697,12.56574760371544,4894.988548050005
2012-10-05,12.697,12.62,12.540854832239411,2320.526362020001
2012-10-06,12.62,12.499,12.525577294983044,387.8422559999999
2012-10-07,12.45,11.86,12.123231456916734,2793.629166269998
2012-10-08,11.752,11.6,11.26780415290898,4433.30274076
2012-10-09,11.6,11.851,11.917646145856562,2362.1063444599977
2012-10-10,11.978,11.99,11.995669751343039,4154.346789469996
2012-10-11,11.911,11.938,11.932414224649822,2052.948765910003
2012-10-12,11.934,11.947,11.874778610472042,2920.6205921799965
2012-10-13,11.817,11.65,11.739790181778398,3736.7828222299972
2012-10-14,11.606,11.69,11.645258726754488,3720.172405189997
2012-10-15,11.723,11.478,11.511224855170537,2710.180272610002
2012-10-16,11.555,11.589,11.617797582580158,1508.9294245900003
2012-10-17,11.65,11.65,11.561003858495905,2209.97618259
2012-10-18,11.65,11.681,11.618465700562993,2652.515664999999
2012-10-19,11.685,11.514,11.519797284230748,1836.6811940899984
2012-10-20,11.514,11.507,11.439249086682933,2831.067491169985
2012-10-21,11.5,11.4,11.451848768904924,1859.5566319000002
2012-10-22,11.391,11.208,11.339204360235717,4829.290969570002
2012-10-23,11.216,11.54,11.391173271456635,4656.838530599997
2012-10-24,11.541,11.4,11.40994531535891,2217.929701339998
2012-10-25,11.4,10.41,10.879412255398739,5199.750066929994
2012-10-26,10.406,9.12,9.894884914191634,3896.1474211999953
2012-10-27,9.112,10.0,9.565394962952524,3142.865167989999
2012-10-28,10.07,10.21,10.108373307747156,2076.282145129999
2012-10-29,10.252,10.345,10.274962784111876,3752.3122534
2012-10-30,10.341,10.402,10.381329352131115,4753.847241619994
2012-10-31,10.46,10.8,10.622746105870418,2673.2927058399996
2012-11-01,10.8,10.8,10.851120425965181,2841.0884663299994
2012-11-02,10.801,10.348,10.387098284972518,4800.205285430008
2012-11-03,10.349,10.349,10.21234011364748,5284.992591099995
2012-11-04,10.349,10.25,10.231826735349719,4837.239784740002
2012-11-05,10.373,10.37,10.296301916052515,8098.248021870001
2012-11-06,10.37,10.61,10.477406240008435,3954.7588023999974
2012-11-07,10.625,10.676,10.647044329435882,3545.5700142299984
2012-11-08,10.675,10.555,10.587876243468239,4198.74494034
2012-11-09,10.61,10.59,10.574586005094975,2658.6939598000004
2012-11-10,10.59,10.65,10.638856449047736,1115.5445393900068
2012-11-11,10.61,10.4,10.465787843699937,3487.610585869998
2012-11-12,10.399,10.601,10.590911460267924,7514.247343629989
2012-11-13,10.61,10.695,10.679822692390012,3063.002318509996
2012-11-14,10.695,10.702,10.704681993349809,1894.9081275999993
2012-11-15,10.703,10.75,10.734541339544563,2625.58440201
2012-11-16,10.79,11.597,11.207164090241335,6562.48958486
2012-11-17,11.595,11.505,11.519694929570731,1907.8758924300002
2012-11-18,11.505,11.525,11.520804843267483,3236.833817499992
2012-11-19,11.525,11.601,11.64647303652196,4845.281624080002
2012-11-20,11.6,11.601,11.6316706942223,2360.2867141999996
2012-11-21,11.602,11.622,11.688846433445107,2162.7253585
2012-11-22,11.611,11.857,11.921473474152611,4546.475984959993
2012-11-23,11.965,12.001,12.011115932034992,2216.37663652
2012-11-24,12.09,12.13,12.067165160217696,1173.4681819500008
2012-11-25,12.148,12.17,12.226990710496503,2217.5551234499985
2012-11-26,12.201,12.254,12.30919438362379,1210.8284986699991
2012-11-27,12.255,11.93,11.98916336807064,5965.01100876
2012-11-28,11.93,12.051,12.03273201290606,2682.2731745899996
2012-11-29,12.0,12.14,12.131232157423701,2832.523939339997
2012-11-30,12.14,12.252,12.227418378953052,2536.0219537599955
2012-12-01,12.3,12.3,12.318486542406923,1271.1721344499995
2012-12-02,12.3,12.299,12.295581697482621,2141.9780848500004
2012-12-03,12.3,12.313,12.305339689113945,2728.497748749999
2012-12-04,12.313,12.798,12.447838700190552,3948.230477099998
2012-12-05,12.799,13.23,13.072360389762931,3116.5019538899983
2012-12-06,13.23,13.4,13.240166463353068,2478.4918146899995
2012-12-07,13.4,13.1,13.1662267061782,5546.715891100001
2012-12-08,13.1,13.1,13.147586930011457,2232.8592993700026
2012-12-09,13.15,12.966,13.021415543077147,1963.3660434800008
2012-12-10,12.978,13.137,13.08113433741577,2813.7069430000015
2012-12-11,13.14,13.289,13.209230609350675,2178.5469113999993
2012-12-12,13.29,13.399,13.403788036085498,1878.2084045999977
2012-12-13,13.36,13.425,13.433199762273563,1630.942806189999
2012-12-14,13.48,13.362,13.450644226236664,1763.9424548399995
2012-12-15,13.362,13.398,13.352155666044029,1169.6486689000014
2012-12-16,13.398,13.15,13.307422664155128,1278.5274455999993
2012-12-17,13.15,13.09,13.222251209029748,4117.559123179995
2012-12-18,13.09,13.04,13.187632802960485,1883.4454836099999
2012-12-19,13.013,12.9,12.982028886981025,2233.22345887
2012-12-20,12.9,13.15,13.049166963765408,7713.531682720005
2012-12-21,13.19,13.15,13.069673126477301,3331.701810129999
2012-12-22,13.15,13.15,13.118010447577921,3038.0262773399954
2012-12-23,13.08,13.001,13.063353248252248,1703.8647812299996
2012-12-24,12.974,13.129,13.066032045324405,1351.9519350399992
2012-12-25,13.064,13.18,13.16631050448936,1464.3769060799996
2012-12-26,13.119,13.13,13.110342768018722,911.5062874899996
2012-12-27,13.084,13.117,13.086130355903824,775.1785346199999
2012-12-28,13.117,13.062,13.11040348351163,2803.5839240799987
2012-12-29,13.118,13.154,13.181527307018346,2199.9775569999997
2012-12-30,13.154,13.197,13.167890483813393,745.1505993399998
2012-12-31,13.192,13.297,13.279380282437494,1503.8213203300004
2013-01-01,13.334,13.151,13.202133882511243,1223.6155199600005
2013-01-02,13.152,13.173,13.211288992503928,484.94634196000004
2013-01-03,13.214,13.137,13.170331227136717,1244.0644928000006
2013-01-04,13.133,13.2,13.191892548854875,1827.8029186099996
2013-01-05,13.2,13.12,13.133397602094968,4079.4699401
2013-01-06,13.103,13.146,13.121829682560756,1513.1838620800024
2013-01-07,13.077,13.168,13.19758642312073,2430.3213200100013
2013-01-08,13.218,13.6,13.387229890185543,3536.9836255399973
2013-01-09,13.6,13.602,13.584283528798519,1862.3541759300015
2013-01-10,13.602,13.906,13.776032316168836,4479.650309020004
2013-01-11,13.906,13.954,13.945627022630825,1382.584179860002
2013-01-12,13.953,13.929,13.994953466305875,1455.8881021700017
2013-01-13,13.971,13.955,13.94304391498478,807.00483563
2013-01-14,13.955,13.99,13.928508229987154,2080.1534464299993
2013-01-15,13.991,13.934,13.968658511994189,1585.9828210199992
2013-01-16,13.998,14.271,14.085694650891428,3269.7083943499983
2013-01-17,14.271,15.114,14.739100611804936,3011.004574269987
2013-01-18,15.151,15.311,15.35926288341598,3005.8346220199955
2013-01-19,15.311,15.289,15.270660749836981,1017.1787280800005
2013-01-20,15.214,15.33,15.284182933848735,2670.9951107499996
2013-01-21,15.33,16.2,16.091948871193825,7839.889798809993
2013-01-22,16.2,17.218,16.667741434297888,3789.915233579995
2013-01-23,17.22,17.065,16.785852033462042,3742.4222657899863
2013-01-24,17.136,17.156,17.923144458104403,7451.592788669989
2013-01-25,17.156,17.097,16.58607640597352,5396.802133769989
2013-01-26,17.008,16.79,16.719832989304773,1485.5994579899993
2013-01-27,16.77,17.26,17.147688948796173,3960.664870809996
2013-01-28,17.201,18.0,17.690596211381852,2502.493819159998
2013-01-29,18.0,18.8,18.69264139539087,7765.55834442
2013-01-30,18.8,19.019,18.829644636608325,3161.1728721800037
2013-01-31,19.1,20.77,19.95116089070129,5320.702866209987
2013-02-01,20.849,20.51,20.345512386648558,3077.704993769996
2013-02-02,20.51,19.728,19.595834053920598,3444.9281950299983
2013-02-03,19.728,20.399,19.728171173973177,2854.143982649998
2013-02-04,20.033,19.881,20.170739256359095,1979.4894784100022
2013-02-05,19.902,20.147,20.051942200695645,1284.7450707700007
2013-02-06,20.147,20.7,20.607935901454507,3702.595978130002
2013-02-07,20.7,21.45,20.918000206019432,4023.7663877399987
2013-02-08,21.45,22.001,21.94020698295897,1849.6759584799997
2013-02-09,22.0,23.2,22.574140005009497,2012.8463508799975
2013-02-10,23.249,23.1,23.051380331739797,2035.2729632599987
2013-02-11,23.052,23.75,23.516921933868105,3328.203965949998
2013-02-12,23.62,25.067,24.6850493305128,3891.2208865799985
2013-02-13,25.105,25.325,25.048880875400744,3464.0799291899993
2013-02-14,25.325,26.2,23.995504235570323,4994.736670659999
2013-02-15,26.25,26.39,26.25782608213183,3297.978835209995
2013-02-16,26.254,26.667,26.46210500575054,3641.037846769999
2013-02-17,26.667,26.1,26.084957998004406,1774.3675665299982
2013-02-18,26.1,26.48,26.225484439132167,1776.87516276
2013-02-19,26.354,28.885,27.511256040650416,3456.0190567299956
2013-02-20,28.758,29.127,28.915580620664866,1558.6664638600005
2013-02-21,29.136,29.396,29.17697754053807,1813.0621050799996
2013-02-22,29.396,29.71,29.851587172583233,3199.109269709999
2013-02-23,29.616,28.475,27.654584629241434,4152.745686639997
2013-02-24,28.767,29.0,28.773117576945644,956.0545658900007
2013-02-25,28.74,29.261,29.161785821981425,1212.3956044099991
2013-02-26,29.384,29.3,29.335966473687588,1660.851762009999
2013-02-27,29.524,30.35,29.993215227323734,4185.443363600002
2013-02-28,30.35,33.333,31.401238335540395,4113.664852310001
2013-03-01,33.27,33.39,32.96407297629032,2461.698632170001
2013-03-02,33.207,32.853,33.12448856972451,1072.415848630001
2013-03-03,32.853,32.479,32.675545268409294,732.2025679400007
2013-03-04,32.35,33.452,32.950171091585155,4325.738283899994
2013-03-05,33.896,38.0,36.71107059186242,3864.3282465099924
2013-03-06,38.364,44.192,42.39997368606349,4280.92096696999
2013-03-07,44.006,40.8,40.903136247441374,5177.05890405001
2013-03-08,40.381,41.666,40.822379030729955,1599.1619583200002
2013-03-09,41.666,44.4,42.92062154882246,1638.062095609997
2013-03-10,43.945,44.798,44.63155646312731,2509.006929609998
2013-03-11,44.683,45.2,45.15969943791673,3293.458899279997
2013-03-12,45.2,43.101,42.86576512728702,5412.576313340011
2013-03-13,43.101,43.499,43.50056995365376,6578.0363076999965
2013-03-14,43.448,43.794,43.894720209715594,2973.5436224999926
2013-03-15,43.794,44.235,43.71730045701732,2636.16856512
2013-03-16,44.389,43.83,43.9943097157482,2118.487946339997
2013-03-17,43.801,44.04,44.104989817959755,2773.1644849600048
2013-03-18,44.04,45.7,44.650165702529286,4931.984727010007
2013-03-19,45.699,53.4,50.788474069121975,9694.207909100012
2013-03-20,53.355,58.898,56.15207086989257,3580.9123088299793
2013-03-21,59.199,65.078,63.84574559483653,7485.7876421900155
2013-03-22,65.589,67.4,67.01346084244075,5261.791584960006
2013-03-23,67.4,60.961,61.72887811479599,5023.110213620018
2013-03-24,60.901,67.999,63.89960413198427,3045.637388119998
2013-03-25,67.75,70.089,70.85265383193386,3622.5415528200097
2013-03-26,70.0,73.998,72.3372899851048,3839.4009848799947
2013-03-27,73.998,84.1,81.41504241516354,4901.28095046998
2013-03-28,84.0,88.0,89.11597530089922,5329.653432280004
2013-03-29,88.0,87.41,84.16524436464593,7619.393906200014
2013-03-30,87.41,87.475,87.61908260974542,2983.655201490012
2013-03-31,87.3,89.565,89.12577312889523,1646.1539652099968
2013-04-01,89.899,97.295,94.13402989281587,8727.355275179985
2013-04-02,97.298,113.8,101.39637340005225,10721.227475900094
2013-04-03,113.0,128.4,128.31344968586845,16313.987650279973
2013-04-04,127.999,123.701,118.46467840862437,10333.30928422027
2013-04-05,123.707,134.0,128.3714556638207,7706.936787959964
2013-04-06,134.001,133.82,135.2096510912863,6208.943265859945
2013-04-07,133.825,147.0,140.1159099869756,8237.94401476003
2013-04-08,147.0,174.745,164.8228083045436,12206.1174844801
2013-04-09,174.745,218.001,198.67468877018922,10710.635930610137
2013-04-10,219.0,134.987,181.72908421530556,29713.82251270984
2013-04-11,134.987,70.0,120.18262930590048,64621.09193311802
2013-04-12,70.5,87.0,76.84664737478603,79507.93706114734
2013-04-13,87.021,85.011,99.52949718189254,35908.13448213787
2013-04-14,85.999,93.95,94.9524817401063,16961.387720210227
2013-04-15,94.7,90.989,93.52709143539133,17665.761751040474
2013-04-16,90.99,64.993,69.58753579135974,75606.37835649627
2013-04-17,64.992,83.499,79.60104288602014,37831.921997400364
2013-04-18,84.497,90.8,87.6096562380396,14366.053432540186
2013-04-19,90.404,110.48,107.52096200930261,39492.955001129245
2013-04-20,110.4,116.3,113.20387832417694,8631.50952516009
2013-04-21,117.777,111.89,110.72313333348595,20073.021550779784
2013-04-22,111.001,114.0,114.11391288653596,10045.123978410204
2013-04-23,114.0,122.53,117.89686189416021,12309.104569800342
2013-04-24,122.851,143.001,137.32926200585112,29614.11916543019
2013-04-25,142.8,141.19,143.15812734017524,13561.995704210534
2013-04-26,140.915,126.8,128.4269907606115,24794.160411979345
2013-04-27,127.859,121.1,126.23912943927874,9243.01691874011
2013-04-28,121.1,125.3,125.25941104913134,5374.065889340187
2013-04-29,125.4,131.65,132.15430666265635,10055.297418240432
2013-04-30,131.62,132.88,132.66580256226882,9216.529076230187
2013-05-01,133.0,113.51,120.13840504076217,20693.627930779538
2013-05-02,113.5,106.01,108.37764113491359,33395.39522902905
2013-05-03,106.0,90.11,93.35991073036142,34467.91274897928
2013-05-04,90.956,110.78,105.60121220136621,22366.382371979453
2013-05-05,110.78,115.2,112.98452934277472,10484.020773920804
2013-05-06,115.0,115.661,117.71157512434422,10034.974539760478
2013-05-07,115.5,106.35,106.51604927242307,21136.772811980034
2013-05-08,106.35,108.99,109.49743020316578,9465.353303670421
2013-05-09,108.99,108.542,107.90089795955932,4403.91509841006
2013-05-10,108.98,112.75,112.69288522366239,8395.528266040126
2013-05-11,112.556,111.61,112.36054317080496,2897.019478169997
2013-05-12,111.59,110.94,111.11394578117417,3149.3956562100016
2013-05-13,110.9,112.4,112.49813680706336,4031.1972447000003
2013-05-14,112.41,110.5,113.03724310610002,4313.770510100055
2013-05-15,110.5,103.29,105.3126114927887,15065.848940990778
2013-05-16,103.2,107.61,106.07639621377095,5158.744695140114
2013-05-17,107.6,111.2,110.10828547327004,8415.725596980385
2013-05-18,111.25,114.299,113.17249419059296,3415.7418312800514
2013-05-19,113.871,112.599,113.32592903587242,2818.5602159399946
2013-05-20,112.599,113.712,112.89784923178657,2666.971683429989
2013-05-21,113.712,115.4,114.22825764805427,3630.8034739700997
2013-05-22,115.679,116.701,116.2454788002722,4103.951322590064
2013-05-23,116.64,120.219,118.73680671503462,3443.485146950024
2013-05-24,120.23,128.79,125.32286119316846,5886.174129970195
2013-05-25,128.93,127.52,127.64118262626316,4110.286696550058
2013-05-26,127.521,129.8,128.74872291970027,2830.8704140800787
2013-05-27,129.9,126.92,128.13828819749688,3903.643070559984
2013-05-28,126.92,125.72,125.02841767717327,4207.068566630078
2013-05-29,125.72,127.6,125.97786443180401,2642.5006599099956
2013-05-30,127.51,127.326,127.9780004327901,3762.666062370059
2013-05-31,127.47,126.19,126.60080655922219,2019.8551914599939
2013-06-01,126.241,126.79,126.45272619975361,1877.739313809993
2013-06-02,127.29,119.911,122.0909144468643,7328.281809090169
2013-06-03,120.12,119.2,117.82448719218289,5283.061467150192
2013-06-04,119.2,119.0,120.22773623031081,3745.909959880167
2013-06-05,119.0,120.449,119.61280990752938,2845.4485122100705
2013-06-06,120.006,119.999,119.93322969445278,1927.3344802799866
2013-06-07,119.54,111.78,113.64895579229969,8662.792665170222
2013-06-08,112.57,108.98,109.61416703599002,5129.944249350167
2013-06-09,108.98,100.9,98.64433453321033,15971.936850490998
2013-06-10,101.03,103.78,102.49496647130823,8195.948407570548
2013-06-11,103.77,108.0,106.73051135331569,3859.5711120103106
2013-06-12,108.0,108.543,108.23930555495161,4198.590247410234
2013-06-13,108.565,108.412,108.50772771105865,2492.633757249994
2013-06-14,108.426,101.768,103.2840306560702,7913.214385620455
2013-06-15,101.759,100.699,100.18635866587107,2793.452867380034
2013-06-16,100.699,100.45,100.43278528787854,1589.6773018299887
2013-06-17,100.45,100.9,100.41322301162121,2097.2118998899996
2013-06-18,101.236,105.6,105.40370928535178,7145.565690720464
2013-06-19,105.147,104.5,105.14995392826133,4777.22268655022
2013-06-20,104.51,106.77,106.45227115370022,3616.361267350113
2013-06-21,107.0,105.042,105.52282257494767,7036.389463750468
2013-06-22,105.001,102.1,103.1622441269445,4903.879354140097
2013-06-23,102.101,99.7,100.86324445615841,4532.282749610049
2013-06-24,99.7,96.95,97.43417810873368,6467.301857160232
2013-06-25,96.99,97.254,98.70605137819854,5159.902605600173
2013-06-26,97.59,97.932,97.58233594343717,1619.3526684999902
2013-06-27,97.552,97.0,97.29474078229602,1489.0760512099907
2013-06-28,97.0,89.494,92.32794415949056,6231.640840760101
2013-06-29,89.497,89.48,89.88413611921766,3741.028681660028
2013-06-30,89.352,90.55,90.42009453384543,2538.180082720018
2013-07-01,90.765,85.997,87.7274427739069,8386.617181920115
2013-07-02,85.55,83.8,82.10544218259419,8720.523386670415
2013-07-03,83.8,80.82,81.51173409245997,8450.260124090113
2013-07-04,80.821,80.301,77.36350975847888,14842.90721287036
2013-07-05,80.3,65.385,70.9062251087907,14687.082518210282
2013-07-06,65.381,65.501,67.01470075305636,9824.57455543045
2013-07-07,65.501,67.999,66.42466414572775,4058.647011470062
2013-07-08,67.246,73.36,73.23402061309633,10644.872089550305
2013-07-09,73.35,73.2,71.18478668382583,6141.4188557604575
2013-07-10,72.486,74.935,73.80971359224517,5784.279542130145
2013-07-11,74.999,81.91,80.08469448629236,10213.494840430845
2013-07-12,81.904,86.791,89.33425128208177,13997.888947910593
2013-07-13,86.791,87.519,86.44012860843803,5414.016317580274
2013-07-14,87.6,88.845,88.78203457789022,2724.2952209401064
2013-07-15,88.643,91.968,89.87848842276149,5377.3995186002785
2013-07-16,91.968,88.277,90.13299192381727,3564.4500914500613
2013-07-17,88.499,88.51,89.22010135044118,3173.9915660702163
2013-07-18,88.51,84.89,84.23756340985985,6967.961398800198
2013-07-19,84.867,84.79,83.76979257094813,2804.5336604900285
2013-07-20,84.33,84.89,84.21996617107162,1795.4303215799762
2013-07-21,84.89,83.767,83.94068758842302,1693.3125326999975
2013-07-22,83.79,84.299,84.09627561922987,1567.8072561199829
2013-07-23,84.27,86.39,85.44216527698484,4121.530872980099
2013-07-24,86.39,87.478,86.65742536703212,2727.9604033400396
2013-07-25,87.027,88.386,87.55743680852098,3425.021488870058
2013-07-26,88.384,89.18,88.9627680260117,3680.4850748100894
2013-07-27,89.0,87.911,87.76995810938946,2677.587736940044
2013-07-28,88.0,89.427,88.51535982685196,2650.511455580006
2013-07-29,89.102,90.51,90.60869016294795,5176.611355020256
2013-07-30,90.61,92.299,91.84857263986835,3098.5049021600394
2013-07-31,92.299,97.35,96.29176926698703,9143.062790130467
2013-08-01,97.314,94.999,95.6671524145869,2674.1243696599786
2013-08-02,94.6,95.869,95.38753225377103,4848.354707250106
2013-08-03,95.895,95.019,95.46050489267891,1062.2114375699957
2013-08-04,95.019,94.71,94.4743307065601,2332.2734934399646
2013-08-05,94.7,96.489,95.72216494640313,2947.4491370400183
2013-08-06,96.49,96.4,96.48413587308038,2382.4777251499995
2013-08-07,96.426,97.146,97.34060587824752,3404.1711171701227
2013-08-08,97.146,94.6,94.82173300808395,5878.320500780197
2013-08-09,93.95,94.299,94.37998120799475,2135.69448129997
2013-08-10,94.3,93.499,93.42865364587145,1624.3997636899455
2013-08-11,93.116,93.79,93.61505578903233,3181.6128613300116
2013-08-12,93.65,94.2,93.72982990632876,2048.983851629951
2013-08-13,94.064,94.898,94.42798382306553,3083.976798460012
2013-08-14,94.899,97.68,96.50624514946581,5263.462032510139
2013-08-15,97.68,96.426,97.00933001249598,2489.859386499971
2013-08-16,96.427,96.006,96.10493574563182,1892.6841187299888
2013-08-17,96.5,96.998,96.56136366577391,1730.55445152999
2013-08-18,96.516,97.149,96.94381900763027,1337.5383704599988
2013-08-19,97.149,99.79,99.14776975844539,4283.737216910104
2013-08-20,99.78,100.335,99.7787052077055,2383.473211970008
2013-08-21,100.39,108.95,104.50715826071352,5488.106685210148
2013-08-22,108.949,107.6,107.73831711838179,3275.3314349900065
2013-08-23,107.31,104.999,105.02318917401438,4135.140847869972
2013-08-24,105.276,106.14,105.51846028776774,1877.9622985199944
2013-08-25,106.4,109.2,108.57049927013978,3287.51840031999
2013-08-26,109.2,107.724,108.62234660053085,3233.8134610900147
2013-08-27,107.724,115.693,112.76499265549364,5804.513480480088
2013-08-28,115.693,115.3,115.27461087439464,2894.4769539000376
2013-08-29,115.3,115.601,115.52622288008068,2326.1911039800257
2013-08-30,115.99,120.9,118.39968245831372,4654.177510810049
2013-08-31,120.9,125.752,123.14013888223853,4415.472753530046
2013-09-01,125.753,125.2,124.2591573746515,3770.519599480038
2013-09-02,125.5,124.74,125.05789155725341,3078.429375520005
2013-09-03,124.74,124.8,125.0596954003316,2569.222056729997
2013-09-04,124.995,116.111,120.70262686818025,5785.014040220118
2013-09-05,116.916,118.04,116.32453324510077,7171.529562750247
2013-09-06,117.649,114.771,116.71243019008736,4566.837772440119
2013-09-07,115.088,117.49,115.50869351695071,3828.8812847700765
2013-09-08,117.499,114.633,116.05191625913933,2045.1758230799878
2013-09-09,115.0,120.64,117.81639592150776,4994.711180750142
2013-09-10,120.64,120.69,120.37078299994742,2368.465570349991
2013-09-11,120.113,121.801,120.74909022298917,6310.308970240204
2013-09-12,121.8,124.0,123.57912324795697,4898.172695510067
2013-09-13,123.9,124.897,123.97357767534587,3369.6563825601056
2013-09-14,124.897,123.659,124.27169272902982,3018.061130889994
2013-09-15,123.27,123.595,122.77383661938963,3476.155062809965
2013-09-16,123.595,124.483,124.04123681014165,3979.9106805700158
2013-09-17,124.81,124.98,124.26033487249401,3471.462371820004
2013-09-18,124.997,125.64,125.17636368858017,3472.8825285300873
2013-09-19,125.639,123.5,123.62682628811584,4175.175267520023
2013-09-20,123.788,121.716,121.57661101257054,6541.160896700665
2013-09-21,121.8,121.998,121.40946149115467,1839.2164288100134
2013-09-22,121.999,121.0,121.18202519939179,1606.9195478100141
2013-09-23,121.0,120.701,121.31463413024495,2219.1514989300126
2013-09-24,120.701,121.0,120.6777123711906,3328.474105870057
2013-09-25,121.0,122.401,122.29228081332415,3793.1154486801224
2013-09-26,122.936,122.75,122.25702105977746,2335.819095710005
2013-09-27,122.75,122.95,122.8518481788791,2762.8019760299994
2013-09-28,122.894,123.598,123.00278021580932,1620.7731796299836
2013-09-29,123.599,123.5,123.83294225889651,2825.5842484800332
2013-09-30,124.0,122.999,122.76124287211567,2789.405065949993
2013-10-01,122.5,124.0,123.74669812662081,3882.786914670043
2013-10-02,123.998,104.057,102.1649364968829,18888.97096529989
2013-10-03,104.0,115.846,105.81076613686386,12255.192170550481
2013-10-04,115.846,117.749,118.03040802584944,4708.142490120151
2013-10-05,117.749,119.396,119.43112456572614,2056.948067319986
2013-10-06,119.396,119.202,118.93951159585393,1237.6030501499804
2013-10-07,119.202,122.5,120.93366776802056,2882.2096808301044
2013-10-08,122.5,122.37,121.85983651614626,7565.443667170315
2013-10-09,122.37,123.297,122.52800547281167,4953.1664782102835
2013-10-10,123.2,123.553,123.8275954042161,9753.887697670427
2013-10-11,123.978,124.244,123.99378234748062,5825.726605790155
2013-10-12,123.73,124.931,124.37388959429516,1606.2036276299953
2013-10-13,124.931,127.496,125.510141612956,3828.0611253001034
2013-10-14,127.496,130.0,130.7399931229466,19971.94489426062
2013-10-15,130.0,136.4,133.02476464462526,9670.898850050247
2013-10-16,136.4,136.2,138.41006468886383,21768.3981462605
2013-10-17,136.2,140.58,136.94431156695654,33269.25489959688
2013-10-18,140.599,146.33,141.71413518780741,26868.54994874868
2013-10-19,146.33,155.1,152.45818688027433,19202.720217669503
2013-10-20,155.1,157.52,156.43216491306958,4989.978482180165
2013-10-21,157.99,171.33,165.38008594773825,11919.009208550802
2013-10-22,171.33,181.98,178.9663372746489,17514.84679545118
2013-10-23,181.979,196.3,188.8763039090296,19204.89730038939
2013-10-24,196.01,181.5,182.06897240937073,42347.94200481848
2013-10-25,181.5,172.0,171.00760863378113,36365.5602829972
2013-10-26,172.0,170.0,173.91715324371975,32393.467325324702
2013-10-27,170.002,183.2,175.62777467920415,13104.991433670986
2013-10-28,183.2,190.989,186.83634262411988,8520.002995890478
2013-10-29,190.003,196.0,191.79628114474963,6740.723806100398
2013-10-30,196.33,194.0,195.88352523034231,9083.868181250418
2013-10-31,194.0,197.3,194.47517895764193,7015.186177870377
2013-11-01,197.789,197.77,197.61172722527994,4200.187779280083
2013-11-02,197.78,199.41,199.32382552228157,3442.8358401601286
2013-11-03,199.41,206.0,200.99971089385954,7764.822945040422
2013-11-04,206.352,219.002,211.82966384415636,12550.595161470781
2013-11-05,219.85,238.42,230.4247080149926,18648.497033330037
2013-11-06,238.42,250.35,241.51429173015146,26168.297650948283
2013-11-07,249.027,273.22,272.8670595342039,34592.82404024682
2013-11-08,273.0,312.2,294.6310672111435,19014.5381506788
2013-11-09,312.2,339.5,329.7446443335347,23672.69050058564
2013-11-10,339.325,281.496,293.94260842315424,50050.384432921026
2013-11-11,281.498,318.2,308.62949428442516,20743.935837820558
2013-11-12,318.2,332.9,334.48772235746145,15556.621829981459
2013-11-13,333.0,389.999,362.20366846550735,19117.786208840545
2013-11-14,389.999,395.4,398.16292269448877,23569.861946489258
2013-11-15,395.4,408.114,410.60994385693425,15817.492735880598
2013-11-16,408.113,418.59,409.16477282202305,21793.253305937065
2013-11-17,419.0,469.4,446.6705242925425,15221.25974340184
2013-11-18,470.0,572.723,526.4206809959455,52091.08107406829
2013-11-19,571.0,583.499,604.2659636378863,95593.67822036667
2013-11-20,580.0,493.0,486.6781870610063,65121.448011897526
2013-11-21,491.61,621.525,575.9865098054654,31867.538987543827
2013-11-22,621.831,691.2,662.3343570002112,28346.640332104907
2013-11-23,690.792,742.0,737.8685175406833,25765.304849736727
2013-11-24,742.0,721.1,701.2509887249042,24883.807931575593
2013-11-25,721.1,722.1,717.0327963036257,14845.574711232117
2013-11-26,722.1,860.0,785.3840951021397,34534.685708217905
2013-11-27,859.99,935.55,883.1677404338941,26134.168944875306
2013-11-28,935.0,974.0,924.8761700687221,40209.940359439155
2013-11-29,974.0,989.051,977.0016157572599,25799.75935725446
2013-11-30,990.6,1052.61,1037.679323782685,18896.382348350206
2013-12-01,1052.61,800.0,897.9071647191608,40170.7482422883
2013-12-02,799.0,922.002,858.8250389959974,44330.279834789166
2013-12-03,925.0,1003.55,977.9710592003904,17510.152778530733
2013-12-04,1003.55,1059.56,1026.297608868847,11734.64180736146
2013-12-05,1059.0,1020.0,970.4706844676483,59023.313845394674
2013-12-06,1020.24,859.0,927.6003236942717,38996.251163654066
2013-12-07,856.0,708.576,726.9423641884475,125104.46442505148
2013-12-08,708.575,738.148,727.5282417349932,32911.79832534303
2013-12-09,739.06,845.49,830.9622239635146,46607.5360046105
2013-12-10,845.49,951.111,911.6590317747616,23015.774878008673
2013-12-11,951.111,832.0,897.6619495617512,28809.57791397352
2013-12-12,833.0,850.01,851.4445579630519,14599.741240401518
2013-12-13,850.001,844.0,871.859421543937,16290.179570081918
2013-12-14,843.0,850.51,853.5603160109007,7857.012812930623
2013-12-15,852.8,858.065,832.4527180687093,11907.17516546085
2013-12-16,859.18,650.003,745.770970394388,47374.226580058676
2013-12-17,650.0,688.012,680.2289758440266,65981.15203343384
2013-12-18,686.735,525.01,533.7066596736105,145112.81467479107
2013-12-19,525.01,657.997,585.8128689324224,69028.92493069648
2013-12-20,656.0,629.198,667.440346876615,41322.637763926046
2013-12-21,629.198,594.9,604.0520773121109,33942.13264842544
2013-12-22,594.432,623.6,619.4716579764873,23529.481983186735
2013-12-23,623.6,629.98,622.4337055664732,14442.96771557119
2013-12-24,629.98,649.999,647.3320122118888,15042.835021941042
2013-12-25,650.89,656.799,655.969109865672,8744.176995470825
2013-12-26,656.001,747.897,708.4534770294254,23206.117079068288
2013-12-27,747.897,698.979,723.7143237479356,29269.853709516705
2013-12-28,698.978,709.07,710.2229557547613,13290.687639221072
2013-12-29,710.0,715.0,706.3710280753191,5360.719752630423
2013-12-30,715.0,735.125,726.8321004670205,9480.585261150627
2013-12-31,735.125,730.0,725.6185971341305,6713.420386250415
2014-01-01,728.002,741.0,737.8455416680245,6699.156973080439
2014-01-02,741.08,769.9,751.0595457923669,8781.7379371505
2014-01-03,769.9,785.296,789.1275404703001,20116.08596753984
2014-01-04,785.296,817.0,802.864961241828,11342.710151720888
2014-01-05,817.0,906.02,872.5907488799127,19844.814608160534
2014-01-06,909.609,928.0,933.4526161662553,28570.983967026248
2014-01-07,929.91,832.854,880.4982908399932,28256.577274627623
2014-01-08,832.002,810.0,798.3125733732942,40590.214994109025
2014-01-09,810.467,817.998,810.1856983118408,18212.473756471005
2014-01-10,817.998,828.0,818.9114414712683,13533.117935191021
2014-01-11,827.1,883.581,859.3046670044238,19099.514068329816
2014-01-12,885.884,846.972,851.9451999735298,17172.783493131188
2014-01-13,846.972,803.0,814.9106748934455,14078.485907561027
2014-01-14,803.001,822.15,825.179705579078,10406.086179320555
2014-01-15,822.15,841.292,835.0675090208753,9265.489269760641
2014-01-16,841.292,825.3,832.826724989358,7255.959565030566
2014-01-17,825.002,795.0,805.5643968269744,12252.653825420764
2014-01-18,793.503,808.409,804.0550482267851,7137.629218480657
2014-01-19,803.24,824.0,820.9159252424292,8534.946493490646
2014-01-20,824.0,829.52,828.963362629995,10779.343233610696
2014-01-21,829.52,827.93,829.4840121247896,6074.78963130026
2014-01-22,827.93,820.01,825.4311837827696,6995.631054040442
2014-01-23,820.011,814.5,814.2005172929614,8118.918823620401
2014-01-24,814.5,782.999,782.4284874201749,14549.130874261136
2014-01-25,781.956,810.999,795.7029865767777,8337.64566140062
2014-01-26,810.999,816.9,815.4754268046566,10766.68761542078
2014-01-27,816.9,780.004,796.4734944248296,15097.187810060943
2014-01-28,780.005,791.0,765.5303918492718,20701.22226415832
2014-01-29,790.997,787.0,786.1903343775307,7104.000740620454
2014-01-30,787.0,794.268,786.6588736280531,11655.44034581096
2014-01-31,794.268,797.11,795.3625890054789,4605.831904110135
2014-02-01,796.5,806.9,805.106487802121,5935.333784460438
2014-02-02,806.9,801.062,807.4881084748066,3745.372992760086
2014-02-03,801.062,797.367,796.883505383144,5402.738188670209
2014-02-04,797.367,805.0,801.9500249324337,5590.935382660358
2014-02-05,805.024,787.0,796.0629562288867,4662.186530300133
2014-02-06,787.001,774.561,777.669016164289,9238.947693100852
2014-02-07,774.0,733.847,719.1087422955568,29665.255172584348
2014-02-08,733.847,713.837,713.5795108621684,10466.65355789064
2014-02-09,713.837,703.151,701.0649206704201,14067.001085030866
2014-02-10,705.966,655.17,604.1885103699186,48455.45807662003
2014-02-11,655.1,647.5,670.6035133866536,25025.960750698807
2014-02-12,649.0,650.0,649.6042471401572,14535.350845910563
2014-02-13,648.51,585.601,622.7606913724094,12485.68282600048
2014-02-14,585.6,646.101,593.8738917394647,53259.56293280357
2014-02-15,641.0,638.0,637.1533550860067,13124.896193281
2014-02-16,638.0,582.36,604.604372941783,17426.280558320577
2014-02-17,582.82,613.0,614.1213188993166,18438.267310160336
2014-02-18,613.28,606.75,614.6744341484531,8408.169115940469
2014-02-19,608.22,612.37,609.1844309105044,5514.180627620211
2014-02-20,612.01,565.0,585.149934220064,19446.604820420136
2014-02-21,565.001,548.698,546.3973309326868,25923.9237746578
2014-02-22,548.698,586.5,570.7022986080422,18410.694342670537
2014-02-23,584.538,606.0,608.6428653770612,14291.69922128118
2014-02-24,606.0,574.838,580.6736919056375,19376.71699408026
2014-02-25,574.0,515.552,498.16661697773566,72035.89678807446
2014-02-26,515.551,568.9,557.854863886825,33739.76231147246
2014-02-27,569.0,564.95,561.6642666400032,15891.210761280778
2014-02-28,563.02,549.99,553.7414435133205,12404.695347410792
2014-03-01,549.8,558.0,548.2916355091684,10093.009411540721
2014-03-02,558.0,551.251,557.3875036883724,4528.310137610169
2014-03-03,552.0,643.03,609.0796108795673,35856.27148194638
2014-03-04,644.2,652.095,664.9695476476201,31496.862396925444
2014-03-05,652.0,644.999,648.6373876181136,9996.055469890496
2014-03-06,642.582,642.103,647.1837355046384,5926.298938960433
2014-03-07,642.213,621.379,625.7313006559882,9089.3714233905
2014-03-08,621.38,602.0,612.1516454919627,7132.306118890394
2014-03-09,601.996,633.095,622.9862034609878,5505.488208080262
2014-03-10,634.997,616.096,626.7247044886922,5898.8093911902415
2014-03-11,613.209,621.99,620.4191414172045,4344.062206990318
2014-03-12,623.449,632.12,629.2195079399114,7424.856909381033
2014-03-13,632.12,629.999,629.0513067609464,6654.21445114019
2014-03-14,630.0,625.0,625.3445991513464,3546.984013800078
2014-03-15,622.225,631.0,626.5938909431404,2238.641510640013
2014-03-16,629.998,624.0,625.1738199217881,2365.1018830799962
2014-03-17,624.0,616.0,617.1336961171575,3576.5384572500557
2014-03-18,616.0,616.495,607.697239429302,6276.710309020398
2014-03-19,616.4,610.998,614.7405110453836,5889.590208530346
2014-03-20,609.7,592.66,595.9378425191057,6600.017189800314
2014-03-21,592.656,585.8,580.6036307235281,9189.87418304059
2014-03-22,584.0,565.0,565.9579999242778,3810.471580520055
2014-03-23,565.01,568.5,569.5121579128094,2790.44107334005
2014-03-24,568.486,568.955,563.78294659926,4410.170265940122
2014-03-25,570.0,584.997,579.1274052579041,5829.219133360262
2014-03-26,584.996,583.0,580.7631830359445,3646.9912778601265
2014-03-27,582.859,518.0,543.3260773986201,13665.04718011061
2014-03-28,517.0,492.001,501.10151479616826,17925.142772299707
2014-03-29,492.0,501.962,499.45941426226506,3460.1974185701115
2014-03-30,502.24,467.45,473.69214933946165,15621.045145930504
2014-03-31,467.45,458.161,461.46411380018804,22236.595935688172
2014-04-01,459.5,489.931,478.9163576584675,13971.349449110941
2014-04-02,488.001,429.0,455.48655324393025,30030.567783057428
2014-04-03,428.758,443.99,430.9596516047728,25266.27578596707
2014-04-04,442.7,445.0,439.2932710226095,12103.620382070754
2014-04-05,443.66,454.927,450.58398009485757,9337.66924044067
2014-04-06,453.78,458.5,460.45515463692067,8493.465497271249
2014-04-07,459.029,442.923,454.31968462877103,12018.460291921068
2014-04-08,442.913,445.46,446.53190635565625,9164.985429431285
2014-04-09,445.999,440.0,442.2899580091326,10227.617478800848
2014-04-10,440.0,382.357,405.51244196647855,28361.531135546913
2014-04-11,382.127,415.998,388.68489285860943,53197.57913890184
2014-04-12,414.834,417.0,423.73733695136065,18948.798389459913
2014-04-13,416.982,403.219,411.02596605213506,20991.449015438997
2014-04-14,402.14,457.0,434.53685238966233,32293.760928365515
2014-04-15,457.45,499.5,487.2209443883361,26940.07293464732
2014-04-16,499.01,502.599,514.5688183608165,27166.477425036686
2014-04-17,502.599,488.997,503.0025758822127,20813.754737468465
2014-04-18,488.994,472.0,472.63356916849744,10148.905159530334
2014-04-19,472.0,494.75,483.167154967111,9861.661692380714
2014-04-20,492.793,486.0,491.6453307564441,6367.865744430364
2014-04-21,487.698,481.982,490.8425179235077,5882.222303220337
2014-04-22,481.44,479.77,480.1883392569369,6026.295618070271
2014-04-23,479.77,476.8,476.5280712453435,3589.361636220051
2014-04-24,475.049,482.889,478.7292441068444,4358.622455150072
2014-04-25,480.678,449.746,458.16326450737,18765.88325418014
2014-04-26,448.131,455.99,446.2146584110106,4816.124531680243
2014-04-27,455.405,433.897,439.93633334572513,4477.279196910072
2014-04-28,433.695,435.0,425.4369917565574,7289.151218480595
2014-04-29,435.0,433.399,434.5895061050095,5609.209603180991
2014-04-30,433.4,439.671,435.81033638711284,7144.22059684036
2014-05-01,439.671,443.999,445.7150722366158,6173.795855300271
2014-05-02,443.59,436.991,436.84179638523597,5227.304354410293
2014-05-03,435.681,425.5,428.4769384630771,3502.531824109995
2014-05-04,425.672,428.5,429.26452954349566,2527.943301170018
2014-05-05,428.5,424.885,426.2490151924467,2817.652537970023
2014-05-06,424.885,419.773,421.3032509004432,5713.650537410248
2014-05-07,422.409,433.362,426.6783966962309,8551.328940410516
2014-05-08,433.35,428.9,432.1626006272332,4627.247963470101
2014-05-09,428.896,439.389,436.2556333188232,4301.610425650158
2014-05-10,439.39,440.3,441.7771964099223,2482.033322870093
2014-05-11,441.999,433.696,436.1961080333534,3879.2680794300572
2014-05-12,433.696,435.979,433.43514713875453,2744.549409160012
2014-05-13,434.501,434.0,434.20306484545745,3251.638840140065
2014-05-14,432.806,438.5,435.8505989853297,3063.424809080084
2014-05-15,438.5,437.692,438.11413921601405,4031.0400612000894
2014-05-16,437.692,440.898,439.08264642116035,3438.7400755700737
2014-05-17,440.879,440.88,439.59879075300415,1224.5534296299816
2014-05-18,440.88,439.04,440.0076698949449,1204.1222105499567
2014-05-19,439.04,438.6,439.5399105633535,2757.5695255600044
2014-05-20,438.602,475.465,457.3274558086519,17183.382722279814
2014-05-21,475.663,482.437,481.74893561619365,5521.424459460167
2014-05-22,482.437,512.001,498.2265359239526,10373.411861400651
2014-05-23,512.001,515.1,521.8805308728457,13328.863132440203
2014-05-24,515.1,512.001,511.3648124176317,3819.0669322700287
2014-05-25,512.74,564.774,550.3103088961491,14822.939670310448
2014-05-26,562.617,573.023,574.7569464878189,11143.4112119203
2014-05-27,573.023,567.408,562.9898885515768,12376.673792770176
2014-05-28,565.41,555.999,560.1494034573518,5982.79256956021
2014-05-29,555.999,554.595,553.556570861213,4764.716868520103
2014-05-30,554.6,601.001,586.9427129645695,12185.289169880387
2014-05-31,601.0,608.66,606.4445375750029,4363.537229610122
2014-06-01,608.66,631.0,636.9162198859156,16225.747544380698
2014-06-02,630.984,633.287,623.7427357135566,10790.102620090367
2014-06-03,632.101,651.103,649.6216726008499,13133.942498720653
2014-06-04,651.115,632.501,626.7996226130679,12456.144541840578
2014-06-05,632.501,646.0,643.3820746238115,6392.663886680261
2014-06-06,645.321,641.392,643.5246017890864,3572.846257110094
2014-06-07,641.198,641.38,638.2978030307638,2841.4481461300666
2014-06-08,643.99,642.0,645.7563214663564,1932.5457275199856
2014-06-09,642.0,640.037,637.3559261769559,3832.2899890201593
2014-06-10,641.999,645.0,642.4175379354042,3542.1194507901455
2014-06-11,645.0,635.114,637.0321466925562,4694.785183780211
2014-06-12,635.114,602.35,620.0448183243548,6006.924241610345
2014-06-13,602.5,587.174,588.8232677262006,18108.47900896895
2014-06-14,587.0,561.787,568.7979197526543,9619.391831360532
2014-06-15,561.786,570.0,564.7397152640539,5344.622945490282
2014-06-16,570.333,593.383,590.7548175952217,9701.69211218057
2014-06-17,592.44,592.682,590.6921937766359,3176.3105322200445
2014-06-18,592.648,602.7,602.2775893310585,5637.578958320297
2014-06-19,602.7,596.227,594.5480576891048,1347.6117812599975
2014-06-20,591.4,584.12,585.7736266730833,3518.6645359700556
2014-06-21,584.12,587.663,585.3686435518898,3351.0676495800144
2014-06-22,587.663,590.0,592.2133062100145,3009.7149609100647
2014-06-23,589.0,586.4,585.7226169661689,3369.291485400025
2014-06-24,585.625,583.0,582.225741407985,2276.933694240016
2014-06-25,582.701,562.609,566.4603586450688,6567.101714930254
2014-06-26,562.487,567.09,564.3586366257027,3705.98590090014
2014-06-27,567.596,587.41,579.155295205232,5010.1344592602345
2014-06-28,587.416,592.969,593.4431796648146,6177.365691330417
2014-06-29,592.177,588.0,590.0568626687549,2480.0213638699847
2014-06-30,588.0,640.65,618.1557335230631,12138.375514891106
2014-07-01,640.349,650.896,644.3862406913128,9253.51447324053
2014-07-02,650.061,643.2,636.6231038401363,7762.631829880507
2014-07-03,643.2,631.671,636.7049359992315,4315.110627590092
2014-07-04,632.999,627.391,630.2139977397316,3632.0517259300923
2014-07-05,627.383,626.476,625.4423638747373,2272.623714229967
2014-07-06,626.477,629.999,629.90315540426,2049.0636746099826
2014-07-07,630.998,621.537,621.6879619156618,3987.397734710169
2014-07-08,620.995,616.672,615.2338190215297,2419.114750850008
2014-07-09,617.996,616.501,615.7710939335759,2016.4075176799543
2014-07-10,616.501,612.03,611.178180457007,3035.090572330077
2014-07-11,613.9,624.897,615.4526820443003,2891.4035613500455
2014-07-12,624.897,625.5,623.5537693753757,2005.3262967999606
2014-07-13,623.603,622.99,623.1414269902725,2114.828045849988
2014-07-14,621.224,619.188,616.2643447217811,2561.539723980023
2014-07-15,619.022,616.999,617.2364086033599,1771.7057791799798
2014-07-16,616.985,613.68,613.1151811037848,3137.735177900016
2014-07-17,611.52,619.0,614.0503041688249,4465.393833050149
2014-07-18,619.001,618.0,615.949556892368,2845.530740879995
2014-07-19,616.533,619.7,618.7710037071479,1140.0537197599872
2014-07-20,618.0,613.9,615.4947248553733,1103.8788711299926
2014-07-21,613.9,615.813,614.1213318982652,1993.0613791099918
2014-07-22,615.98,613.823,614.2357257090385,1491.8891292200087
2014-07-23,613.823,612.999,613.6787840073937,1829.4642554399938
2014-07-24,612.156,584.0,595.1838390229484,7768.970931330285
2014-07-25,584.123,595.988,594.2840291538895,3144.061163300017
2014-07-26,594.881,587.575,589.3731342145524,2196.9549015499997
2014-07-27,589.673,585.979,588.3830758410732,1508.1163014900026
2014-07-28,585.979,583.15,572.6940668328817,5704.027881160146
2014-07-29,582.0,578.265,577.4923641138734,2456.3979538799936
2014-07-30,577.429,561.699,570.2193808505046,3511.393625550019
2014-07-31,561.699,583.854,569.9280995762358,5657.702835750214
2014-08-01,583.196,591.401,586.670725993696,4242.883739440062
2014-08-02,591.27,582.62,583.9247432625814,2682.683371869972
2014-08-03,583.86,581.332,579.0208151623975,1895.6104719599853
2014-08-04,581.343,583.98,582.1969666631724,2442.8244019800127
2014-08-05,583.98,578.035,578.7936534289772,2356.596785090004
2014-08-06,579.149,580.824,578.6818895447051,2429.3840937800155
2014-08-07,580.608,587.63,582.9161183051523,3086.531623700042
2014-08-08,587.422,589.922,589.2244990832428,2720.138320990004
2014-08-09,589.985,583.717,584.6559825320224,2263.880031920001
2014-08-10,584.137,585.9,584.9496662266353,1196.0738505999957
2014-08-13,547.03,539.0,536.9910004703681,6877.504824040476
2014-08-14,538.811,512.0,512.170495513582,10775.295076030792
2014-08-15,511.99,488.294,500.46158009602533,7492.796779850341
2014-08-16,490.31,505.995,494.08378874441917,4878.791667200333
2014-08-17,506.0,484.0,499.12445057904193,4976.34132929019
2014-08-18,484.0,423.864,454.29210694425166,6181.548204120392
2014-08-19,430.344,484.472,468.5844728765134,4933.181439220324
2014-08-20,484.789,514.0,485.2211180412115,8240.579945700616
2014-08-21,514.0,514.789,513.6069375608166,8275.466596091106
2014-08-22,514.787,512.091,506.88719619610526,5372.705310510327
2014-08-23,510.043,490.929,499.6045648799701,2964.9296024900327
2014-08-24,490.012,505.458,499.07944311926803,3079.6865297000177
2014-08-25,505.575,502.1,500.8352492212295,2408.486234409986
2014-08-26,501.723,508.942,506.3160205603465,2974.115928210023
2014-08-27,508.497,509.275,511.11908847182025,3408.9785866699967
2014-08-28,509.669,506.781,505.44167573338507,2215.8954268699745
2014-08-29,506.781,504.461,502.28866785053356,1857.7053907299737
2014-08-30,504.461,500.43,500.0854225523246,1286.6183935500007
